name,age,email,join_date,salary
anna,40,anna@gmail.com,01-01-2021,40000
david,30,david@gmail.com,01-01-2021,47000
robert,25,robert@yahoo.com,01-01-2021,50000
emma,32,emma@xyz.com,01-01-2021,55000
anna,35,anna@xyz.com,01-01-2021,40000
unknown,40,unknown@email.com,01-01-2021,55000
sarah,35,sarah@xyz.com,01-01-2021,47000
anna,35,anna@xyz.com,01-01-2021,47000
robert,25,robert@yahoo.com,01-01-2021,40000
emma,35,emma@yahoo.com,01-01-2021,50000
david,32,david@gmail.com,01-01-2021,45000
robert,35,robert@xyz.com,01-01-2021,40000
robert,25,robert@yahoo.com,01-01-2021,45000
sarah,32,sarah@xyz.com,01-01-2021,45000
chris,30,chris@gmail.com,01-01-2021,50000
emma,35,emma@xyz.com,01-01-2021,45000
mike,25,mike@hotmail.com,01-01-2021,45000
robert,30,robert@xyz.com,01-01-2021,50000
chris,30,chris@hotmail.com,01-01-2021,45000
mike,40,mike@xyz.com,01-01-2021,45000
emma,32,emma@xyz.com,01-01-2021,45000
john,35,john@gmail.com,01-01-2021,40000
unknown,25,unknown@email.com,01-01-2021,40000
chris,40,chris@gmail.com,01-01-2021,40000
unknown,32,nan@gmail.com,01-01-2021,50000
john,40,john@yahoo.com,01-01-2021,47000
unknown,32,unknown@email.com,01-01-2021,45000
sarah,32,sarah@gmail.com,01-01-2021,45000
anna,35,anna@hotmail.com,01-01-2021,50000
unknown,40,nan@hotmail.com,01-01-2021,40000
sarah,32,sarah@yahoo.com,01-01-2021,47000
emma,35,emma@yahoo.com,01-01-2021,55000
sarah,35,sarah@yahoo.com,01-01-2021,45000
emma,30,emma@yahoo.com,01-01-2021,55000
unknown,30,nan@gmail.com,01-01-2021,47000
anna,32,anna@xyz.com,01-01-2021,55000
mike,25,mike@gmail.com,01-01-2021,40000
david,32,david@xyz.com,01-01-2021,55000
unknown,40,nan@gmail.com,01-01-2021,50000
mike,40,mike@hotmail.com,01-01-2021,55000
unknown,40,unknown@email.com,01-01-2021,45000
unknown,40,nan@xyz.com,01-01-2021,45000
unknown,40,unknown@email.com,01-01-2021,50000
emma,35,emma@gmail.com,01-01-2021,40000
mike,30,mike@xyz.com,01-01-2021,45000
david,40,david@xyz.com,01-01-2021,47000
anna,25,anna@gmail.com,01-01-2021,45000
robert,25,robert@hotmail.com,01-01-2021,45000
sarah,25,sarah@gmail.com,01-01-2021,40000
john,25,john@gmail.com,01-01-2021,55000
david,35,david@xyz.com,01-01-2021,45000
mike,25,mike@gmail.com,01-01-2021,50000
robert,40,robert@gmail.com,01-01-2021,55000
david,32,david@gmail.com,01-01-2021,47000
mike,25,mike@xyz.com,01-01-2021,40000
chris,35,chris@xyz.com,01-01-2021,47000
chris,35,chris@xyz.com,01-01-2021,55000
unknown,25,unknown@email.com,01-01-2021,55000
david,32,david@yahoo.com,01-01-2021,55000
chris,25,chris@gmail.com,01-01-2021,47000
mike,35,mike@xyz.com,01-01-2021,55000
unknown,30,unknown@email.com,01-01-2021,47000
unknown,35,unknown@email.com,01-01-2021,50000
david,25,david@gmail.com,01-01-2021,55000
robert,40,robert@gmail.com,01-01-2021,47000
unknown,25,nan@hotmail.com,01-01-2021,55000
robert,30,robert@yahoo.com,01-01-2021,45000
emma,40,emma@hotmail.com,01-01-2021,50000
mike,40,mike@hotmail.com,01-01-2021,40000
emma,30,emma@xyz.com,01-01-2021,50000
robert,35,robert@yahoo.com,01-01-2021,55000
unknown,25,unknown@email.com,01-01-2021,45000
unknown,32,nan@gmail.com,01-01-2021,45000
unknown,25,nan@yahoo.com,01-01-2021,47000
john,25,john@yahoo.com,01-01-2021,45000
unknown,35,nan@hotmail.com,01-01-2021,47000
anna,25,anna@gmail.com,01-01-2021,40000
unknown,30,nan@yahoo.com,01-01-2021,55000
robert,30,robert@xyz.com,01-01-2021,47000
john,40,john@yahoo.com,01-01-2021,40000
robert,32,robert@hotmail.com,01-01-2021,45000
robert,25,robert@gmail.com,01-01-2021,45000
sarah,25,sarah@yahoo.com,01-01-2021,40000
john,35,john@hotmail.com,01-01-2021,45000
robert,30,robert@yahoo.com,01-01-2021,40000
sarah,40,sarah@hotmail.com,01-01-2021,47000
john,30,john@gmail.com,01-01-2021,40000
emma,40,emma@xyz.com,01-01-2021,47000
unknown,35,unknown@email.com,01-01-2021,47000
unknown,25,unknown@email.com,01-01-2021,50000
unknown,32,nan@gmail.com,01-01-2021,55000
anna,40,anna@hotmail.com,01-01-2021,45000
unknown,30,nan@gmail.com,01-01-2021,50000
robert,35,robert@gmail.com,01-01-2021,47000
